-- phpMyAdmin SQL Dump
-- version 4.6.2
-- https://www.phpmyadmin.net/
--
-- Client :  h2mysql4
-- Généré le :  Mer 24 Août 2016 à 17:35
-- Version du serveur :  5.5.49-log
-- Version de PHP :  5.6.22

SET SQL_MODE = "NO_AUTO_VALUE_ON_ZERO";
SET time_zone = "+00:00";


/*!40101 SET @OLD_CHARACTER_SET_CLIENT=@@CHARACTER_SET_CLIENT */;
/*!40101 SET @OLD_CHARACTER_SET_RESULTS=@@CHARACTER_SET_RESULTS */;
/*!40101 SET @OLD_COLLATION_CONNECTION=@@COLLATION_CONNECTION */;
/*!40101 SET NAMES utf8mb4 */;

--
-- Base de données :  `hcug_nicolappsch`
--

-- --------------------------------------------------------

--
-- Structure de la table `tpg-sbb`
--

CREATE TABLE `tpg-sbb` (
  `id` int(11) NOT NULL,
  `tpg` varchar(255) NOT NULL,
  `sbb` varchar(255) NOT NULL
) ENGINE=InnoDB DEFAULT CHARSET=latin1;

--
-- Contenu de la table `tpg-sbb`
--

INSERT INTO `tpg-sbb` (`id`, `tpg`, `sbb`) VALUES
(1, 'Rouette', 'Choulex, Rouette'),
(2, 'Petit-Lancy', 'Petit-Lancy'),
(3, 'Rue Carrée', 'Satigny, Rue Carrée'),
(4, 'Carouge-Marché', 'Carouge GE, Marché'),
(5, 'Hauts-Cessy', 'Cessy, Les Hauts-de-Cessy'),
(6, 'Sézenove-Village', 'Bernex, Sézenove-village'),
(7, 'En Louche', 'Perly, En Louche'),
(8, 'Perly-Douane', 'Perly, douane'),
(9, 'Parfumerie', 'Vernier, Parfumerie'),
(10, 'Vessy', 'Veyrier, Vessy'),
(11, 'Le-Fort', 'Cologny, Le-Fort'),
(12, 'Chancy-Raclerets', 'Chancy, Raclerets'),
(13, 'Colladon', 'Genève, Colladon'),
(14, 'Grésy', 'Puplinge, Grésy'),
(15, 'Entrée-Versoix', 'Versoix, entrée'),
(16, 'Battelle', 'Carouge GE, Battelle'),
(17, 'Bois-Galland', 'Vésenaz, Bois-Galland'),
(18, 'De-Ternier', 'Onex, Gérard-de-Ternier'),
(19, 'Collonges-Bourg', 'Collonges-Salève, Bourg Haut'),
(20, 'Industrielle', 'Genève, Industrielle'),
(21, 'Sous-Villette', 'Thônex, Sous-Vilette'),
(22, 'Belle-Idée-Salève', 'Chêne-Bourg, Belle-Idée-Salève'),
(23, 'Sézegnin', 'Avusy, Sézegnin'),
(24, 'Wendt', 'Genève, Wendt'),
(25, 'Av. de l\'Ain', 'Vernier, Avenue de l\'Ain'),
(26, 'Bandol', 'Onex, Bandol'),
(27, 'Vélodrome', 'Plan-les-Ouates, Vélodrome'),
(28, 'Champ-Claude', 'Vernier, Champ-Claude'),
(29, 'Peupliers', 'Jussy, Peupliers'),
(30, 'Croisée Cologny', 'Cologny, croisée'),
(31, 'Chânats', 'Bellevue GE, Chânats'),
(32, 'Claparède', 'Genève, Claparède'),
(33, 'Florissant', 'Genève, Florissant'),
(34, 'Montfleury', 'Versoix, Montfleury'),
(35, 'Acacias (F)', 'Ambilly, Acacias-TAC'),
(36, 'Blandonnet', 'Vernier, Blandonnet'),
(37, 'La Loure', 'Jussy, La Loure'),
(38, 'Musée d\'ethno.', 'Genève, Musée d\'ethnographie'),
(39, 'Ch. des Bornes', 'Presinge, Bornes'),
(40, 'Villars', 'Hermance, Villars'),
(41, 'Loëx-Lanance', 'Bernex, Loëx-Lanance'),
(42, 'Lathoy Hameau', 'St-Julien-en-G., Lathoy hameau'),
(43, 'Blanchards', 'Bernex, Blanchards'),
(44, 'Les Bouveries', 'Chancy, Les Bouveries'),
(45, 'Môle', 'Genève, Môle'),
(46, 'Peney-Dessus', 'Satigny, Peney-Dessus'),
(47, 'Mines', 'Genève, Mines'),
(48, 'Pré-la-Fontaine', 'Satigny, Pré-de-la-Fontaine'),
(49, 'Ch. des Turaines', 'Gy, Turaines'),
(50, 'Beau-Soleil', 'Genève, Clinique Générale'),
(51, 'Cimetière Saint-Geor', 'Petit-Lancy, Cimetière St-G.'),
(52, 'Athénée', 'Genève, Athénée'),
(53, 'Maison du Terroir', 'Bernex, Maison du Terroir'),
(54, 'Chambésy-Place', 'Chambésy, place'),
(55, 'Anières-Chavannes', 'Anières, Chavannes'),
(56, 'Th-Vallard-Dne', 'Thônex, Vallard'),
(57, 'Rte d\'Annecy', 'Bardonnex, Route d\'Annecy'),
(58, 'Maisonnette', 'Bernex, Maisonnette'),
(59, 'Les Bougeries', 'Vandoeuvres, Les Bougeries'),
(60, 'Versoix-Lachenal', 'Versoix, Lachenal'),
(61, 'Rte de Compois', 'Meinier, route de Compois'),
(62, 'Gex-G.Charpak', 'Gex, Georges Charpak (F)'),
(63, 'Cocuaz', 'Vandoeuvres, Cocuaz'),
(64, 'Merle-d\'Aubigné', 'Genève, Merle-d\'Aubigné'),
(65, 'Corsier-Village', 'Corsier GE, village'),
(66, 'Petite-Grave', 'Cartigny, Petite-Grave'),
(67, 'Chemin du Bac', 'Petit-Lancy, Chemin du Bac'),
(68, 'Compois', 'Meinier, Compois'),
(69, 'Saint-Maurice', 'Vésenaz, Saint-Maurice'),
(70, 'Tourbillon', 'Plan-les-Ouates, Tourbillon'),
(71, 'Loveré', 'Vandoeuvres, Loveré'),
(72, 'Genève-Plage', 'Genève, plage'),
(73, 'Cologny-Temple', 'Cologny, Temple'),
(74, 'La Passe', 'Cartigny, La Passe'),
(75, 'Armes', 'Carouge GE, Armes'),
(76, 'Corbière', 'Challex, Corbière'),
(77, 'Augustins', 'Genève, Augustins'),
(78, 'Franchises', 'Genève, Franchises'),
(79, 'Veyrier-Salle comm.', 'Veyrier, Salle Communale'),
(80, 'Serves', 'Plan-les-Ouates, Serves'),
(81, 'Contamines', 'Genève, Contamines'),
(82, 'Touvière', 'Avully, Touvière'),
(83, 'Poizat', 'Challex, Poizat'),
(84, 'Cynodrome', 'Versoix, Cynodrome'),
(85, 'Krieg', 'Genève, Krieg'),
(86, 'Morglas', 'Vernier, Morglas'),
(87, 'Sta.Trois-Chêne', 'Chêne-Bourg, Stade Trois-Chêne'),
(88, 'Anières-Foyer', 'Anières, Foyer'),
(89, 'Mont-Blanc', 'Genève, Mont-Blanc'),
(90, 'Blanche', 'Genève, Blanche'),
(91, 'Pont-de-Lully', 'Bernex, Pont-de-Lully'),
(92, 'La Chapelle', 'Plan-les-Ouates, La Chapelle'),
(93, 'Curé-Baud', 'Grand-Lancy, Curé-Baud'),
(94, 'Drize', 'Plan-les-Ouates, Moulins-Drize'),
(95, 'Bovy-Lysberg', 'Genève, Bovy-Lysberg'),
(96, 'Prulay', 'Meyrin, Prulay'),
(97, 'Plan-les-Ouates', 'Plan-les-Ouates, village'),
(98, 'Vüy', 'Carouge GE, Vüy'),
(99, 'Valencien', 'Thônex, Valencien'),
(100, 'Queue-d\'Arve', 'Genève, Queue-d\'Arve'),
(101, 'L\'avenir', 'Presinge, L\'Avenir'),
(102, 'Stade de Genève', 'Carouge GE, Stade de Genève'),
(103, 'Satigny-CS', 'Satigny, Centre sportif'),
(104, 'Pont-de-Peney', 'Aire-la-Ville, Pont-de-Peney'),
(105, 'Beaumont Chable', 'Beaumont le Châble'),
(106, 'Ch. Vert', 'Vessy, Chemin Vert'),
(107, 'Pont de Combe', 'Archamps, Centre de convention'),
(108, 'Cottenets', 'Bernex, Cottenets'),
(109, 'P+R Challex-Egl.', 'Challex, P+R Eglise'),
(110, 'Châtaignières', 'Jussy, Châtaignières'),
(111, 'Les Quoattes', 'Avusy, Les Quoattes'),
(112, 'Aubert', 'Genève, Aubert'),
(113, 'Carre-d\'Amont', 'Meinier, Le Carre-d\'Amont'),
(114, 'Ch. de la Douane', 'Laconnex, Chemin de la Douane'),
(115, 'Athenaz-Ecole', 'Avusy, Athenaz-Ecole'),
(116, 'Barde', 'Vernier, Barde'),
(117, 'Compesières', 'Bardonnex, Compesières'),
(118, 'Bartholoni', 'Genève, Bartholoni'),
(119, 'Les Petoux', 'Puplinge, Les Petoux'),
(120, 'Sézenove-Ferrand', 'Bernex, Sézenove-Ferrand'),
(121, 'Gradelle', 'Cologny, Gradelle'),
(122, 'Palladium', 'Genève, Palladium'),
(123, 'Coq-d\'Inde', 'Chêne-Bougeries, Coq-d\'Inde'),
(124, 'Les Bruyères', 'Plan-les-Ouates, Les Bruyères'),
(125, 'Terre Mousson', 'Satigny, Terre Mousson'),
(126, 'L\'Ouchette', 'Veigy, l\'Ouchette'),
(127, 'Roseraie', 'Genève, Roseraie'),
(128, 'La Boutique', 'Valleiry, La Boutique'),
(129, 'Coll.Claparède', 'Chêne-Bougeries,Coll.Claparède'),
(130, 'Pailly-Balexert', 'Vernier, Pailly-Balexert'),
(131, 'Bernex-Place', 'Bernex, place'),
(132, 'BIT', 'Genève, BIT'),
(133, 'Veyrot', 'Meyrin, Veyrot'),
(134, 'P+R Gare Meyrin', 'Meyrin, P+R gare de Meyrin'),
(135, 'Parc Stagni', 'Chêne-Bougeries, Parc Stagni'),
(136, 'C.S Bécassière', 'Versoix, CS La Bécassière'),
(137, 'Bellins', 'Plan-les-Ouates, Bellins'),
(138, 'Marguerite', 'Anières, Marguerite'),
(139, 'Florence', 'Genève, Florence'),
(140, 'Onex-Cité', 'Onex, cité'),
(141, 'Treulaz', 'Aire-la-Ville, Treulaz'),
(142, 'Dussaud', 'Genève, Dussaud'),
(143, 'Arare', 'Plan-les-Ouates, Arare'),
(144, 'Jardin Botanique', 'Genève, Jardin Botanique'),
(145, 'Thoiry-Mairie', 'Thoiry, mairie'),
(146, 'Petray', 'Vésenaz, Petray'),
(147, 'Cr.-en-Champagne', 'Cartigny, Croix-en-Champagne'),
(148, 'Bois-Caran', 'Collonge-Bellerive, Bois-Caran'),
(149, 'Jargilières', 'Ferney, Jargilières'),
(150, 'Lully-Village', 'Bernex, Lully'),
(151, 'Pierre à Bochet', 'Thônex, Pierre à Bochet'),
(152, 'Mollaz', 'Laconnex, Mollaz'),
(153, 'Moraines', 'Carouge GE, Moraines'),
(154, 'Lyon', 'Genève, Lyon'),
(155, 'Muséum', 'Genève, Muséum'),
(156, 'Cr.-de-Rozon-Pl.', 'Croix-de-Rozon, Place'),
(157, 'Pregny-Mairie', 'Pregny, mairie'),
(158, 'Grange-Canal', 'Genève, Grange-Canal'),
(159, 'Rue des Mouettes', 'Carouge GE, Rue des Mouettes'),
(160, 'Peillonnex', 'Chêne-Bourg, Peillonnex'),
(161, 'Nant-Malet', 'Plan-les-Ouates, Nant-Malet'),
(162, 'Burgy', 'Grand-Lancy, Burgy'),
(163, 'Vallon', 'Chêne-Bougeries, Vallon'),
(164, 'Penthes', 'Pregny, Penthes'),
(165, 'Avully-Ecole', 'Avully, école'),
(166, 'Les Baraques', 'Challex, Les Baraques'),
(167, 'Grand-Lancy', 'Grand-Lancy, Pl. du 1er Août 1'),
(168, 'Collonge', 'Collonge-Bellerive, Collonge'),
(169, 'Annemasse Gare', 'Annemasse, gare'),
(170, 'Canal de Versoix', 'Versoix, Canal de Versoix'),
(171, 'Ophtalmologie', 'Genève, Ophtalmologie'),
(172, 'Creux-du-Loup', 'Avusy, Creux-du-Loup'),
(173, 'Camping B.de-Bay', 'Satigny, Camping Bois-de-Bay'),
(174, 'Gy-Temple', 'Gy, temple'),
(175, 'Neydens Mouilles', 'Neydens-Les Mouilles'),
(176, 'Jeandin', 'Thônex, Jeandin'),
(177, 'Monthoux', 'Genève, Monthoux'),
(178, 'Mon-Idée', 'Thônex, Mon-Idée'),
(179, 'Galaise', 'Plan-les-Ouates, Galaise'),
(180, 'Loëx-Hôpital', 'Bernex, Loëx-Hôpital'),
(181, 'ZIMOGA', 'Vernier, ZIMOGA'),
(182, 'Ornex-Fruitière', 'Ferney, Fruitière'),
(183, 'Ravières', 'Perly, village'),
(184, 'Bel-Air', 'Genève, Bel-Air'),
(185, 'Cr.-de-Rozon-Dne', 'Croix-de-Rozon, douane'),
(186, 'Bouleaux', 'Vernier, Bouleaux'),
(187, 'Lancy-Hubert', 'Petit-Lancy, Lancy-Hubert'),
(188, 'Crêts-Morillon', 'Grand-Saconnex, Crêts-Morillon'),
(189, 'Planta', 'Vandoeuvres, Planta'),
(190, 'Sauverny-Douane', 'Sauverny, douane'),
(191, 'Baulacre', 'Genève, Baulacre'),
(192, 'Pont-d\'Arve', 'Genève, Pont-d\'Arve'),
(193, 'Peney-Dessous', 'Satigny, Bois-de-Bay'),
(194, 'SIG Lignon', 'Vernier, SIG Lignon'),
(195, 'Sellières', 'Vernier, Sellieres'),
(196, 'Place Verte', 'Vessy, Place Verte'),
(197, 'Moillebeau', 'Genève, Moillebeau'),
(198, 'Moulières', 'Vernier, Moulières'),
(199, 'ZIMEYSA-Gare', 'Zimeysa, gare'),
(200, 'Verbant', 'Plan-les-Ouates, Verbant'),
(201, 'Versoix-Gare', 'Versoix, gare'),
(202, 'Montagne', 'Chêne-Bougeries, Montagne'),
(203, 'De-Joinville', 'Meyrin, De-Joinville'),
(204, 'Lombard', 'Genève, Lombard'),
(205, 'La Bise', 'Vésenaz, La Bise'),
(206, 'Gare Eaux-Vives', 'Genève-Eaux-Vives, gare'),
(207, 'Rippaz', 'Cologny, Rippaz'),
(208, 'Rte de Presinge', 'Meinier, route de Presinge'),
(209, 'Molard', 'Genève, Molard'),
(210, 'Le Rolliet', 'Plan-les-Ouates, Le Rolliet'),
(211, 'Courtillets', 'Grand-Lancy, Courtillets'),
(212, 'Moulin-la-Grave', 'Avusy, Moulin de la Grave'),
(213, 'Ch. de Collex', 'Ferney, Chemin de Collex'),
(214, 'Corbillettes', 'Grand-Saconnex, Corbillettes'),
(215, 'Gd-Saconnex-Dne', 'Grand-Saconnex, Douane'),
(216, 'Marsillon', 'Vessy, Marsillon'),
(217, 'Bois-des-Frères', 'Vernier, Bois-des-Frères'),
(218, 'Vandoeuvres', 'Vandoeuvres, village'),
(219, 'Clos du Môlan', 'Cologny, Clos du Môlan'),
(220, 'Schuman', 'St-Genis, Schumann'),
(221, 'Croisette', 'Vernier, Croisette'),
(222, 'Chevrens', 'Chevrens, Sous-Chevrens'),
(223, 'Palais Eynard', 'Genève, Palais Eynard'),
(224, 'Stand-de-Veyrier', 'Vessy, village'),
(225, 'Cr. Confignon', 'Confignon, croisée'),
(226, 'Boissier', 'Cologny, Boissier'),
(227, 'Sionnet', 'Jussy, Sionnet'),
(228, 'La Salésienne', 'Veyrier, La Salésienne'),
(229, 'Grange-Collomb', 'Carouge GE, Grange-Collomb'),
(230, 'Massettes', 'Grand-Saconnex, Massettes'),
(231, 'Thônex-Mairie', 'Thônex, mairie'),
(232, 'Palexpo', 'Grand-Saconnex, Palexpo'),
(233, 'Hautains', 'St-Genis, Hautains'),
(234, 'Puplinge-Mairie', 'Puplinge, mairie'),
(235, 'Thoiry-Gare', 'Thoiry, gare'),
(236, 'Amandolier(SNCF)', 'Genève, Amandolier'),
(237, 'Vernes', 'Meyrin, Vernes'),
(238, 'Ségny', 'Ségny'),
(239, 'La Plaine-Douane', 'La Plaine, douane'),
(240, 'Théâtre', 'Genève, Théâtre'),
(241, 'Ch. des Palettes', 'Grand-Lancy, Ch. des Palettes'),
(242, 'Tour-de-Contrôle', 'Meyrin, Tour-de-Contrôle'),
(243, 'Ch. de l\'Eperon', 'Chêne-Bougeries,Ch.de l\'Eperon'),
(244, 'Hôpital', 'Genève, Hôpital'),
(245, 'Collège du Léman', 'Versoix, Collège du Léman'),
(246, 'UIT', 'Genève, UIT'),
(247, 'Choulex', 'Choulex, village'),
(248, 'Jean Monnet', 'St-Genis, Jean Monnet'),
(249, 'La Tour', 'Gaillard, La Tour'),
(250, 'Calas', 'Genève, Calas'),
(251, 'Progrès', 'Vernier, Progrès'),
(252, 'Les Quibières', 'Veyrier, Les Quibières'),
(254, 'Parc des Anneaux', 'Prévessin-Moëns, Parc des Anne'),
(255, 'Belle-Idée-Chêne', 'Thônex, Belle-Idée-Chênes'),
(256, 'Nations', 'Genève, Nations'),
(257, 'Pré-Polly', 'Bernex, Pré-Polly'),
(258, 'Appia', 'Genève, Appia'),
(259, 'Le Reposoir', 'Veyrier, Le Reposoir'),
(260, 'Le Soleil', 'Corsier GE, Le Soleil'),
(261, 'Montesquiou', 'Onex, Montesquiou'),
(262, 'Blanché', 'Grand-Saconnex, Blanché'),
(263, 'ICC', 'Meyrin, ICC'),
(264, 'Onex-Marché', 'Onex, marché'),
(265, 'Combes Chapuis', 'Sauverny, Combes Chapuis'),
(266, 'Vireloup', 'Collex, Vireloup'),
(267, 'Richelien', 'Versoix, Richelien'),
(268, 'Genévrière', 'Onex, Genévrière'),
(269, 'Bellerive', 'Collonge-Bellerive, Bellerive'),
(270, 'Centre Horticole', 'Jussy, Centre Horticole'),
(271, 'Vieusseux', 'Genève, Vieusseux'),
(272, 'Roches', 'Genève, Roches'),
(273, 'Belle-Cour', 'Onex, Belle-Cour'),
(274, 'Alpes', 'Genève, Alpes'),
(275, 'Courbes', 'Anières, Courbes'),
(276, 'Prairie', 'Genève, Prairie'),
(277, 'La Dode', 'Confignon, La Dode'),
(278, 'Pré-Monnard', 'Petit-Lancy, Pré-Monnard'),
(279, 'Bois-Gentil', 'Genève, Bois-Gentil'),
(280, 'Malivert', 'St-Genis, Malivert'),
(281, 'Attenville', 'Grand-Saconnex, Attenville'),
(282, 'Contrat-Social', 'Genève, Contrat-Social'),
(283, 'Liszt', 'Genève, Liszt'),
(284, 'La Boverie', 'Satigny, La Boverie'),
(285, 'Gos', 'Genève, Gos'),
(286, 'Gd-Sac.-Mairie', 'Grand-Saconnex, mairie'),
(287, 'Capite', 'Vésenaz, Capite'),
(288, 'La Chêna', 'Gy, La Chêna'),
(289, 'Fossard', 'Thônex, Fossard'),
(290, 'Montalègre', 'Cologny, Montalègre'),
(291, 'Gaillard-Marché', 'Gaillard, Marché'),
(292, 'Tours-de-Carouge', 'Carouge GE, Tours-de-Carouge'),
(293, 'Henri-Bordier', 'Genève, Henri-Bordier'),
(294, 'Dr Palluel', 'St-Julien-en-G., Dr Palluel'),
(295, 'Hameau Chèvres', 'Bernex, Chèvres'),
(296, 'Certoux', 'Certoux, Foulon'),
(297, 'La Mouille', 'Veyrier, La Mouille'),
(298, 'Vaudagne', 'Meyrin, Vernes'),
(299, 'Sorbier', 'Vernier, Sorbier'),
(300, 'Délices', 'Genève, Délices'),
(301, 'Combettes', 'Vessy, Combettes'),
(302, 'Rte de Lathoy', 'St-Julien-en-G., Route Lathoy'),
(303, 'Vidollet', 'Genève, Vidollet'),
(304, 'Terrassière', 'Genève, Terrassière'),
(305, 'Saint-Loup', 'Versoix, Saint-Loup'),
(306, 'Castan', 'Chêne-Bougeries, Castan'),
(307, 'Vuattes', 'Plan-les-Ouates, Vuattes'),
(308, 'P+R P47', 'Grand-Saconnex, P+R P47'),
(309, 'Delay', 'Vernier, Delay'),
(310, 'Martinet', 'Avully, Martinet'),
(311, 'Bernex-Eglise', 'Bernex, église'),
(312, 'Bugnons', 'Meyrin, Bugnons'),
(313, 'La Fenêtre', 'Genève, La Fenêtre'),
(314, 'Badosse', 'Plan-les-Ouates, Badosse'),
(315, 'Saconnex-d\'Arve', 'Plan-les-Ouates, Verbant'),
(316, 'Hôtel-de-Ville', 'Genève, Hôtel-de-Ville'),
(317, 'Bout-du-Monde', 'Genève, Bout-du-Monde'),
(318, 'Plein-Sud', 'Thônex, Plein-Sud'),
(319, 'Prevessin-Möens', 'Prévessin-Moëns, mairie'),
(320, 'Fret', 'Grand-Saconnex, Fret'),
(321, 'Chemin des Bois', 'Veyrier, Chemin des Bois'),
(322, 'Athenaz-Village', 'Athenaz, village'),
(323, 'Bourg-de-Four', 'Genève, Bourg-de-Four'),
(324, 'Neydens-Vitam', 'Neydens, Vitam'),
(325, 'Butini', 'Genève, Butini'),
(326, 'Anières-Mairie', 'Anières, mairie'),
(327, 'Tour-Carrée', 'Cologny, Tour-Carrée'),
(328, 'Collège Rousseau', 'Genève, Collège Rousseau'),
(329, 'Lycée De Staël', 'St-Julien-en-G.,Lycée de Staël'),
(330, 'Acacias', 'Genève, Acacias'),
(331, 'Le Pommier', 'Grand-Saconnex, Le Pommier'),
(332, 'Millet', 'Gaillard, La Tour'),
(333, 'WTC', 'Genève, WTC'),
(334, 'La Plaine-Gare', 'La Plaine, gare'),
(335, 'Ch. des Clys', 'Bellevue GE, chemin des Clys'),
(336, 'Berthet', 'Confignon, Berthet'),
(337, 'Les Fayards', 'Versoix, Les Fayards'),
(338, 'Mat.-Pédiatrie', 'Genève, Maternité-Pédiatrie'),
(339, 'Ecu', 'Vernier, Ecu'),
(340, 'La Pralay', 'Genthod, La Pralay'),
(341, 'Villette', 'Chêne-Bougeries, Villette'),
(342, 'Sécheron', 'Genève, Sécheron'),
(343, 'Bouchet', 'Genève, Bouchet'),
(344, 'Vernier-Ecole', 'Vernier, école'),
(345, 'Veigy-Ecole', 'Veigy, école'),
(346, 'Pont-de-Drize', 'Troinex, Pont-de-Drize'),
(347, 'Petit-Veyrier', 'Veyrier, Petit-Veyrier'),
(348, 'Jardin-Alpin-Vi.', 'Meyrin, Jardin-Alpin-Vivarium'),
(349, 'Bains', 'Genève, Bains'),
(350, 'Planet', 'Bellevue GE, Planet'),
(351, 'Monniaz', 'Jussy, Monniaz'),
(352, 'Versoix-Argand', 'Versoix, Argand'),
(353, 'Palettes', 'Grand-Lancy, Palettes'),
(354, 'Ferney-V.-Mairie', 'Ferney, mairie'),
(355, 'Lully', 'Bernex, Lully'),
(356, 'Uni-Mail', 'Genève, Uni-Mail'),
(357, 'Bonvard', 'Choulex, Bonvard'),
(358, 'Troinex-Ville', 'Troinex, ville'),
(359, 'Les Aglands', 'Prévessin-Moëns, Les Aglands'),
(360, 'Champ-des-Filles', 'Plan-les-Ouates, Ch.-d.-Filles'),
(361, 'Pregny-Village', 'Pregny, village'),
(362, 'Saussac', 'Troinex, Saussac'),
(363, 'Pl. d\'Allemogne', 'Thoiry, Pl. d\'Allemogne'),
(364, 'Vy-des-Champs', 'Genève, Vy-des-Champs'),
(365, 'Cornière', 'Puplinge, Cornière'),
(366, 'Rte de Corsinge', 'Meinier, route de Corsinge'),
(367, 'Epinettes', 'Genève, Epinettes'),
(368, 'Foretaille', 'Chambésy, Foretaille'),
(369, 'Confignon-Mairie', 'Confignon, mairie'),
(370, 'Observatoire GE', 'Versoix,Observatoire de Genève'),
(371, 'Gardiol', 'Grand-Saconnex, Gardiol'),
(372, 'Bassy', 'Anières, Bassy'),
(373, 'Germagny', 'Viry, Germagny'),
(374, 'Chêne-Bougeries', 'Chêne-Bougeries, Rue Chêne-B.'),
(375, 'Vailly', 'Bernex, Vailly'),
(376, 'Trèfle-Blanc', 'Plan-les-Ouates, Trèfle-Blanc'),
(377, 'Charrot', 'Bardonnex, Charrot'),
(378, 'Triaz', 'Hermance, Triaz'),
(379, 'Aumônes', 'Puplinge, Aumônes'),
(380, 'Philosophes', 'Genève, Philosophes'),
(381, 'Via Monnet', 'Vernier, Via Monnet'),
(382, 'Soral-Village', 'Soral, village'),
(383, 'Mazettes', 'Vandoeuvres, Mazettes'),
(384, 'Anières-Gravière', 'Anières, Gravière'),
(385, 'Maison de la Paix', 'Genève, Maison de la Paix'),
(386, 'Ancienne-Douane', 'Prévessin-Moëns, Anc. Douane'),
(387, 'Chougny', 'Vandoeuvres, Chougny'),
(388, 'Rte des Jeunes', 'Carouge GE, Route des Jeunes'),
(389, 'Jussy-Meurets', 'Jussy, Meurets'),
(390, 'Chancy-Douane', 'Chancy, douane'),
(391, 'Moulin-de-Vert', 'Cartigny, Moulin-de-Vert'),
(392, 'Croisée Eaumorte', 'Cartigny, Croisée d\'Eaumorte'),
(393, 'Ch. des Fours', 'Cologny, chemin des Fours'),
(394, 'Tannay', 'Tannay'),
(395, 'Frontenex', 'Cologny, Frontenex'),
(396, 'Ferney-V.-Douane', 'Ferney, douane'),
(397, 'Jussy-Château', 'Jussy, château'),
(398, 'St-Julien-Hôpita', 'St-Julien-en-Genevois, hôpital'),
(399, 'Vallet', 'Onex, Vallet'),
(400, 'Varembé', 'Genève, Varembé'),
(401, 'Château-Bloch', 'Vernier, Château-Bloch'),
(402, 'Anières-Douane', 'Anières, douane'),
(403, 'Carouge-Rondeau', 'Carouge GE, Rondeau'),
(404, 'Collex-Ecole', 'Collex, école'),
(405, 'Genthod-Village', 'Genthod, village'),
(406, 'Rive', 'Genève, Rive'),
(407, 'Concorde', 'Genève, Concorde'),
(408, 'La Gabiule', 'Collonge-Bellerive, La Gabiule'),
(409, 'De-Chateaubriand', 'Genève, De-Châteaubriand'),
(410, 'Grottes', 'Genève, Grottes'),
(411, 'Valavran', 'Bellevue GE, Valavran'),
(412, 'Gavard', 'Carouge GE, Gavard'),
(413, 'Sillons', 'Thônex, Sillons'),
(415, 'Hermance', 'Hermance'),
(416, 'Gaillardin', 'Challex, Gaillardin'),
(417, 'Métropole', 'Genève, Métropole'),
(418, 'Bains de Cressy', 'Confignon, Bains de Cressy'),
(419, 'Genthod-Bellevue', 'Genthod-Bellevue, gare'),
(420, 'Sézenove', 'Bernex, Sézenove'),
(421, 'Belle-Idée', 'Thônex, Belle-Idée'),
(422, 'Onex-Salle communale', 'Onex, Salle communale'),
(423, 'Gautier', 'Genève, Gautier'),
(424, 'Pré-Fleuri', 'Plan-les-Ouates, Pré-Fleuri'),
(425, 'Foulon', 'Perly, mairie'),
(426, 'Bois Candide', 'Ferney, Bois Candide'),
(427, 'Vésenaz-Californie', 'Vésenaz, Californie'),
(428, 'Grange-Falquet', 'Chêne-Bougeries,Grange-Falquet'),
(429, 'Eaumorte', 'Avusy, Eaumorte'),
(430, 'Cara-Douane', 'Presinge, Cara-Douane'),
(431, 'Champ-Carré', 'Plan-les-Ouates, Champ-Carré'),
(432, 'Ch. de Roday', 'Plan-les-Ouates, Roday'),
(433, 'Versoix-Bourg', 'Versoix, bourg'),
(434, 'Pictet-Thellusson', 'Carouge GE, Pictet-Thellusson'),
(435, 'Bachet-de-Pesay', 'Grand-Lancy, Bachet-de-Pesay'),
(436, 'Grand-Champ', 'Vernier, Grand-Champ'),
(437, 'Montchoisy', 'Genève, Montchoisy'),
(438, 'Merlinge', 'Meinier, Merlinge'),
(439, 'Champs-Fréchets', 'Meyrin, Champs-Fréchets'),
(440, 'Fillion', 'Carouge GE, Fillion'),
(441, 'Les Esserts', 'Petit-Lancy, Les Esserts'),
(442, 'Renfile', 'Vernier, Renfile'),
(443, 'Goulart', 'Genève, Goulart'),
(444, 'Chancy-Village', 'Chancy, village'),
(445, 'St-Julien-Gare', 'St-Julien-en-Genevois, gare'),
(446, 'Crêts-Florissant', 'Chêne-Bougeries, C.-Florissant'),
(447, 'Pré-Lauret', 'Bernex, Pré-Lauret'),
(448, 'Centre de Convention', 'Archamps, Centre de convention'),
(449, 'Tourelle', 'Genève, Tourelle'),
(450, 'Servette', 'Genève, Servette'),
(451, 'Campanules', 'Vernier, Campanules'),
(452, 'Pont-Butin', 'Vernier, Pont-Butin'),
(453, 'Meinier-Pralys', 'Meinier, Pralys'),
(454, 'Bois-Chatton', 'Versonnex, Bois-Chatton'),
(455, 'Champ-D. Chalet', 'Thônex, Champ-Dollon (chalet)'),
(456, 'Z.I. Les Moulins', 'St-Julien-en-G.,Zl Les Moulins'),
(457, 'Machéry', 'Grand-Saconnex, Machéry'),
(458, 'Tougin-Hôpital', 'Tougin, hôpital'),
(459, 'Gex-Poste', 'Gex, poste (F)'),
(460, 'La Tuilière', 'Avusy, La Tuiliere'),
(461, 'C.S. Sous-Moulin', 'Thônex, CS Sous-Moulin'),
(462, 'Vernets', 'Genève, Vernets'),
(463, 'Vieux-Valavran', 'Genthod, Vieux-Valavran'),
(464, 'Intercontinental', 'Genève, Intercontinental'),
(465, 'De Staël', 'Carouge GE, De Staël'),
(466, 'La Blonde', 'Vandoeuvres, La Blonde'),
(467, 'Satigny-Gare', 'Satigny, gare'),
(468, 'Joli-Mont', 'Genève, Joli-Mont'),
(469, 'Plateau Champel', 'Genève, Plateau-de-Champel'),
(470, 'Verseuse', 'Vernier, Verseuse'),
(471, 'Ancienne', 'Carouge GE, Ancienne'),
(472, 'St-Julien-Centre', 'St-Julien-en-Genevois, centre'),
(473, 'Fontenette', 'Carouge GE, Fontenette'),
(474, 'Vésenaz-Eglise', 'Vésenaz, église'),
(475, 'Valleiry Espace', 'Valleiry, Espace FOL'),
(476, 'Satigny-Poste', 'Satigny, poste'),
(477, 'Casino', 'Neydens, Casino'),
(478, 'Trembley', 'Genève, Trembley'),
(479, 'Pallanterie', 'Vésenaz, Pallanterie'),
(480, 'Rue des Muguets', 'St-Julien-en-G., Rue Muguets'),
(481, 'Ecole-Médecine', 'Genève, Ecole-Médecine'),
(482, 'Chemin du Righi', 'Cologny, Chemin du Righi'),
(483, 'Perly-Village', 'Perly, Ravières'),
(484, 'Grand-Donzel', 'Vessy, Grand-Donzel'),
(485, 'De Haller', 'Chêne-Bourg, De Haller'),
(486, 'Chevrier', 'Choulex, Chevrier'),
(487, 'Châtelaine', 'Vernier, Châtelaine'),
(488, 'Hauts-de-Magny', 'Prévessin-Moëns, Hauts-de-Magn'),
(489, 'Vésenaz', 'Vésenaz, village'),
(490, 'Vernier-Marché', 'Vernier, marché'),
(491, 'Chamb-Fontaine', 'Chambésy, fontaine'),
(492, 'Cathédrale', 'Genève, Cathédrale'),
(493, 'Milière', 'Vessy, Milière'),
(494, 'Sergy-Bourg', 'Sergy, bourg'),
(495, 'Plainpalais', 'Genève, Plainpalais'),
(496, 'Stand', 'Genève, Stand'),
(497, 'Canonnière', 'Genève, Canonnière'),
(498, 'Feuillat', 'Bardonnex, Feuillat'),
(499, 'Stand-Laconnex', 'Laconnex, stand'),
(500, 'Ste-Clotilde', 'Genève, Sainte-Clotilde'),
(501, 'La Mousse', 'Chêne-Bourg, La Mousse'),
(502, 'Lancy-Mairie', 'Grand-Lancy, mairie'),
(503, 'Crêt-Capite', 'Vésenaz, Crêts-de-la-Capite'),
(504, 'Usine à Gaz', 'Vernier, Usine à gaz'),
(505, 'Technopôle', 'Archamps, Technopole'),
(506, 'Champ-Fusy', 'St-Genis, Champ Fusy'),
(507, 'Troinex-Mairie', 'Troinex, mairie'),
(508, 'Maisons-Neuves', 'Corsier GE, Maisons-Neuves'),
(509, 'Dôle', 'Genève, Dôle'),
(510, 'Cologny-Mairie', 'Cologny, mairie'),
(511, 'Pont-Céard', 'Versoix, Pont-Céard'),
(512, 'Prénépla', 'Ornex'),
(513, 'Cartigny', 'Cartigny, village'),
(514, 'Rte de Lullier', 'Jussy, Route de Lullier'),
(515, 'Bossy', 'Bossy'),
(516, 'Savonnière', 'Collonge-Bellerive, Savonnière'),
(517, 'Peschier', 'Genève, Peschier'),
(518, 'Evaux', 'Onex, Evaux'),
(519, 'Au Contour', 'Plan-les-Ouates, Au Contour'),
(520, 'Entrée-Hôpital', 'Genève, Entrée-Hôpital'),
(521, 'La Prêle', 'Collex, La Prêle'),
(522, 'Cressy', 'Confignon, Cressy'),
(523, 'Arande', 'St-Julien-en-Genevois, Arande'),
(524, 'Claire-Vue', 'Petit-Lancy, Claire-Vue'),
(525, 'De-Sauvage', 'Vernier, De-Sauvage'),
(526, 'Michel-Servet', 'Genève, Michel-Servet'),
(527, 'Seymaz', 'Chêne-Bougeries, Seymaz'),
(528, 'L\'Abbaye', 'Jussy, L\'Abbaye'),
(529, 'Miléant', 'Genève, Miléant'),
(530, 'Chantepoulet', 'Genève, Chantepoulet'),
(531, 'Gros-Chêne', 'Onex, Gros-Chêne'),
(532, 'Navigation', 'Genève, Navigation'),
(533, 'Jurets', 'Choulex, Jurets'),
(534, 'Manufactures', 'Plan-les-Ouates, Manufactures'),
(535, 'Grand-Cara', 'Presinge, Grand-Cara'),
(536, 'Eglise Russe', 'Genève, Eglise Russe'),
(537, 'Brunette', 'Ferney, Brunette'),
(538, 'Jumelles', 'Thônex, Jumelles'),
(539, 'P+R Bernex', 'Bernex, P+R Bernex'),
(540, 'Jonction', 'Genève, Jonction'),
(541, 'Hôpital-La Tour', 'Meyrin, Hôpital de la Tour'),
(542, 'Ormeaux', 'Genève, Ormeaux'),
(543, 'Grangettes', 'Chêne-Bougeries, Grangettes'),
(544, 'Bessinge', 'Cologny, Bessinge'),
(545, 'Bois-de-Bay', 'Satigny, Bois-de-Bay'),
(546, 'Vuillonnex', 'Bernex, Vuillonnex'),
(547, 'Stand', 'Genève, Stand'),
(548, 'Petit-Palais', 'Genève, Petit-Palais'),
(549, 'Taverney', 'Grand-Saconnex, Taverney'),
(550, 'La Dame', 'Vésenaz, La Dame'),
(551, 'Lycée International', 'Ferney, Lycée international'),
(552, 'Planche-Brulée', 'Ferney, Planche-Brulée'),
(553, 'Murailles', 'Meinier, Murailles'),
(554, 'Arena-Halle 7', 'Grand-Saconnex, Arena'),
(555, 'Nant-d\'Aisy', 'Anières, Nant-d\'Aisy'),
(556, 'Riant-Parc', 'Genève, Riant-Parc'),
(557, 'Ch. des Princes', 'Vésenaz, Chemin des Princes'),
(558, 'Lion', 'St-Genis, Lion'),
(559, 'Aire-la-Ville', 'Aire-la-Ville'),
(560, 'Presinge', 'Presinge, village'),
(561, 'Bernex-Saule', 'Bernex, Saule'),
(562, 'Coppet-Gare', 'Coppet, gare'),
(563, 'Aigues-Vertes', 'Bernex, Aigues-Vertes'),
(564, 'Reverdin', 'Genève, Reverdin'),
(565, 'Maison Onésienne', 'Onex, Maison Onésienne'),
(566, 'Collonges-Mairie', 'Collonges-s.-Salève, mairie'),
(567, 'Gy-Poste', 'Gy, poste'),
(568, 'Bossons', 'Petit-Lancy, Bossons'),
(569, 'Galeries du Loup', 'Onex, Galeries du Loup'),
(570, 'Moillesulaz', 'Thônex, Moillesulaz'),
(571, 'Floralies', 'Vernier, Floralies'),
(572, 'P+R Veigy', 'Veigy, P&R'),
(573, 'Collex-Centre', 'Collex, centre'),
(574, 'Bois-Chébé', 'Vernier, Bois-Chébé'),
(575, 'Parcs', 'Genève, Parcs'),
(576, 'Les Oulaines', 'Confignon, Les Oulaines'),
(577, 'Anières-Village', 'Anières, village'),
(578, 'Ch.de la Traille', 'Onex, La Traille'),
(579, 'Fourches', 'Chêne-Bougeries, Fourches'),
(580, 'St Julien SNCF', 'St-Julien-en-G., SNCF'),
(581, 'Seuchat', 'Collex, Seuchat'),
(582, 'Coutance', 'Genève, Coutance'),
(583, 'Giacometti', 'Grand-Saconnex, Giacometti'),
(584, 'Parc La Fantasia', 'Ambilly, Parc la Fantasia'),
(585, 'Viry Chef-Lieu', 'Viry, Chef-Lieu'),
(586, 'Pontets', 'Grand-Lancy, Pontets'),
(587, 'Les Marbriers', 'Lancy, Les Marbriers'),
(588, 'Avusy', 'Avusy, village'),
(589, 'Soral-Mairie', 'Soral, mairie'),
(590, 'Beau-Séjour', 'Genève, Beau-Séjour'),
(591, 'Chavannes-des-Bois', 'Chavannes-des-Bois'),
(592, 'P+R Challex-Hal.', 'Challex, P+R La Halle'),
(593, 'Courson', 'Anières, Courson'),
(594, 'Vertes Campagnes', 'Tougin, Vertes Campagnes'),
(595, 'Plateau Pinchat', 'Vessy, Plateau de Pinchat'),
(596, 'Perly-Mairie', 'Perly, mairie'),
(597, 'Sur-le-Moulin', 'Avusy, Sur-le-Moulin'),
(598, 'Malagny', 'Genthod, Malagny'),
(599, 'Mancy', 'Vésenaz, Mancy'),
(600, 'Maconnex', 'Ornex, Maconnex'),
(601, 'La Belotte', 'Cologny, La Belotte'),
(602, 'Champ-Dollon', 'Thônex, Champ-Dollon (chalet)'),
(603, 'Le Saugy', 'Genthod, Le Saugy'),
(604, 'Château Voltaire', 'Ferney, Château de Voltaire'),
(605, 'Jean-Jacques', 'Genève, Jean-Jacques'),
(606, 'Croix-de-Chavant', 'Confignon, Croix-de-Chavant'),
(607, 'Tunnel Routier', 'Grand-Saconnex, Tunnel Routier'),
(608, 'Croix d\'Ambilly', 'Ambilly, Croix d\'Ambilly'),
(609, 'Libellules', 'Vernier, Libellules'),
(610, 'Cirque', 'Genève, Cirque'),
(611, 'Rue du Lac', 'Genève, Rue du Lac'),
(612, 'Veyrier-Ecole', 'Veyrier, école'),
(613, 'CERN', 'Meyrin, CERN'),
(614, 'Petit-Saconnex', 'Genève, Petit-Saconnex'),
(615, 'Pré-Jardinier', 'Plan-les-Ouates, Pré-Jardinier'),
(616, 'Chancy-Usine', 'Chancy, usine'),
(617, 'Sauverny-Martinet', 'Sauverny, Martinet'),
(618, 'Evordes', 'Bardonnex, Evordes'),
(619, 'Préventorium', 'Grand-Lancy, Préventorium'),
(620, 'Place en Poulet', 'Thoiry, Place en Poulet'),
(621, 'Charmilles', 'Genève, Charmilles'),
(622, 'Rte de Feigères', 'St-Julien-en-G.,Route Feigères'),
(623, 'Les Crêts', 'Troinex, Les Crêts'),
(624, 'P+R Perly', 'Perly, P+R'),
(625, 'Saut-du-Loup', 'Chêne-Bourg, Saut-du-Loup'),
(626, 'Jussy-Place', 'Jussy, place'),
(627, 'Collège Le Joran', 'Prévessin-Moëns,Collège Le Jor'),
(628, 'Petit-Miolan', 'Choulex, Petit-Miolan'),
(629, 'Veyrier-Douane', 'Veyrier, douane'),
(630, 'Le Renfort', 'Avusy, Le Renfort'),
(631, 'Rivolette', 'Troinex, Rivolette'),
(632, 'Maisonnex', 'Meyrin, Maisonnex'),
(633, 'Meyrin-Village', 'Meyrin, village'),
(634, 'Tranchées', 'Genève, Tranchées'),
(635, 'Ch. du Terraillet', 'Prévessin-Moëns, Ch. du Terrai'),
(636, 'Sismondi', 'Genève, Sismondi'),
(637, 'Velours', 'Genève, Velours'),
(638, 'Chênaie', 'Genthod, Chênaie'),
(639, 'Valais', 'Genève, Valais'),
(640, 'Colombières', 'Versoix, Colombières'),
(641, 'Canada', 'Vernier, Canada'),
(642, 'Sainte-Cécile', 'Meyrin, Sainte-Cécile'),
(643, 'Mervelet', 'Genève, Mervelet'),
(644, 'P+R Sous-Moulin', 'Thônex, P+R Sous-Moulin'),
(645, 'Malpertuis', 'Bernex, Malpertuis'),
(646, 'Aviateurs', 'Plan-les-Ouates, Aviateurs'),
(647, 'P+R Etoile', 'Carouge GE, P+R Etoile'),
(648, 'Crêts-de-Champel', 'Genève, Crêts-de-Champel'),
(649, 'Muguets', 'Vessy, Muguets'),
(650, 'Isaac-Mercier', 'Genève, Isaac-Mercier'),
(651, 'Aïre', 'Vernier, Aïre'),
(652, 'Moulins-de-Drize', 'Plan-les-Ouates, Moulins-Drize'),
(653, 'Isaac-Mercier', 'Genève, Isaac-Mercier'),
(654, 'Meyrin-Gravière', 'Meyrin, Gravière'),
(655, 'C.O. Renard', 'Vernier, CO Renard'),
(656, 'Poste', 'Genève, poste'),
(657, 'Veigy-Village', 'Veigy, village'),
(658, 'Cervonnex', 'St-Julien-en-Genevois,Cervonne'),
(659, 'Maillard', 'Meyrin, Maillard'),
(660, 'Musée Voltaire', 'Genève, Musée Voltaire'),
(661, 'Miremont', 'Genève, Miremont'),
(662, 'Tours Lignon', 'Vernier, Tours Lignon'),
(663, 'Passeiry', 'Avusy, Passeiry'),
(664, 'Laconnex', 'Laconnex, village'),
(665, 'Avully-Village', 'Avully, village'),
(666, 'Susette', 'Grand-Saconnex, Susette'),
(667, 'Meyrin-Mairie', 'Meyrin, mairie'),
(668, 'Communes-Réunies', 'Plan-les-Ouates, Comm.-Réunies'),
(669, 'Guye', 'Genève, Guye'),
(670, 'Ecogia', 'Versoix, Ecogia'),
(671, 'R. de St-Maurice', 'Collonge-Bellerive, Rte St-Mau'),
(672, 'Rte d\'Epeisses', 'Avully, Route d\'Epeisses'),
(673, 'La Blanche', 'Vandoeuvres, La Blanche'),
(674, 'Centenaire', 'Plan-les-Ouates, Centenaire'),
(675, 'Lancy-Pont-Rouge', 'Petit-Lancy, Pont-Rouge'),
(676, 'Corsinge-Village', 'Meinier, Corsinge-village'),
(677, 'Village-Suisse', 'Genève, Village-Suisse'),
(678, 'Sous-Chevrens', 'Anières, Sous-Chevrens'),
(679, 'Repentance', 'Vésenaz, Repentance'),
(680, 'Grand-Hangar', 'Meyrin, Grand-Hangar'),
(681, 'Weber', 'Genève, Weber'),
(682, 'Petit-Bel-Air', 'Chêne-Bourg, Petit-Bel-Air'),
(683, 'Vermont', 'Genève, Vermont'),
(684, 'Jussy-Bellebouche', 'Jussy, Bellebouche'),
(685, 'Rbretonnière', 'Prévessin-Moëns, Bretonnière'),
(686, 'Léonard-Sismondi', 'Chêne-Bougeries, L.-Sismondi'),
(687, 'Voirets', 'Grand-Lancy, Voirets'),
(688, 'Graveson', 'Thônex, Graveson'),
(689, 'La Forge', 'Jussy, La Forge'),
(690, 'Caron', 'Chambésy, Caron'),
(691, 'Pl. Eaux-Vives', 'Genève, Place des Eaux-Vives'),
(692, 'Printanière', 'Avully, Printanière'),
(693, 'Place Favre', 'Chêne-Bourg, Place Favre'),
(694, 'Crête', 'Vandoeuvres, Crête'),
(695, 'Avenue du Jura', 'Ferney, Avenue du Jura'),
(696, 'Boqueteaux', 'Veyrier, Bois-Gourmand'),
(697, 'Annemasse Poste', 'Annemasse, poste'),
(698, 'Port Choiseul', 'Versoix, Port Choiseul'),
(699, 'Sergy-Gare', 'Sergy, gare'),
(700, 'Pinchat-la-Tour', 'Vessy, Pinchat-la-Tour'),
(701, 'Balexert', 'Vernier, Balexert'),
(702, 'Rigot', 'Genève, Rigot'),
(703, 'Forumeyrin', 'Meyrin, Forumeyrin'),
(704, 'Falquets', 'Cologny, Falquets'),
(705, 'Corsier-Port', 'Corsier GE, Corsier-Port'),
(706, 'Cuisine', 'Genève, Cuisine'),
(707, 'Bernex-Mairie', 'Bernex, mairie'),
(708, 'Signal', 'Vernier, Signal'),
(709, 'Rochette', 'Onex, Rochette'),
(710, 'Pont-Bochet', 'Thônex, Pont-Bochet'),
(711, 'Basselat', 'Presinge, Basselat'),
(712, 'Musée art-histoire', 'Genève, M. d\'art et d\'histoire'),
(713, 'Ferme Sarasin', 'Grand-Saconnex, Ferme Sarasin'),
(714, 'Pougny-Gare', 'Pougny, gare'),
(715, 'Baraque-à-Cloud', 'Gy, Baraque-à-Cloud'),
(716, 'Challex-Ecole', 'Challex, école'),
(717, 'Poterie', 'Genève, Poterie'),
(718, 'Fraidieu', 'Cologny, Fraidieu'),
(719, 'Pont-Sierne', 'Veyrier, Pont-Sierne'),
(720, 'Camille-Martin', 'Genève, Camille-Martin'),
(721, 'Le Nant', 'Bellevue GE, Le Nant'),
(722, 'Baillive', 'Genève, Baillive'),
(723, 'Calandrini', 'Chêne-Bougeries, Calandrini'),
(724, 'OMS', 'Genève, BIT'),
(725, 'Duret', 'Onex, Duret'),
(726, 'Gex-Aiglette', 'Gex, Aiglette (F)'),
(727, 'Parc Montessuit', 'Annemasse, Parc Montessuit'),
(728, 'Bois-du-Lan', 'Meyrin, Bois-du-Lan'),
(729, 'Avanchet', 'Vernier, Avanchet'),
(730, 'Sierne', 'Veyrier, Sierne'),
(731, 'De-Westerweller', 'Vandoeuvres, De-Westerweller'),
(732, 'Cessy-Centre', 'Cessy, centre'),
(733, 'Ruth', 'Cologny, Ruth'),
(734, 'Essertet', 'Viry, Essertet'),
(735, 'Chablais-Parc', 'Annemasse, gare'),
(736, 'Valleiry-Chef-L.', 'Valleiry, Chef-Lieu'),
(737, 'Rieu', 'Genève, Rieu'),
(738, 'Mategnin', 'Meyrin, Mategnin'),
(739, 'Cité Lignon', 'Vernier, Cité Lignon'),
(740, 'Bas-Collonges', 'Collonges-Salève,Bas-Collonges'),
(741, 'Mies', 'Mies'),
(742, 'Grand-Pré', 'Genève, Grand-Pré'),
(743, 'Fontanettes', 'Challex, Fontanettes'),
(744, 'Vieux Moulins', 'St-Julien-en-G., Vieux Moulins'),
(745, 'Veyrier-Rasses', 'Veyrier, Rasses'),
(746, 'Gare Cornavin', 'Genève, Cornavin'),
(747, 'Cyprès', 'Thônex, Cyprès'),
(748, 'Veyr-Tournettes', 'Veyrier, Tournettes'),
(749, 'Moulin-de-la-Ratte', 'Aire-la-Ville, Moulin-Ratte'),
(750, 'Meinier-Eglise', 'Meinier, église'),
(751, 'ZIPLO', 'Plan-les-Ouates, ZIPLO'),
(752, 'Ornex-Roussets', 'Ferney, Château de Voltaire'),
(753, 'Villereuse', 'Genève, Villereuse'),
(754, 'Seujet', 'Genève, Seujet'),
(755, 'Taconnerie', 'Genève, Taconnerie'),
(756, 'Vollandes', 'Genève, Vollandes'),
(757, 'Aéroport', 'Genève, Aéroport (TPG)'),
(758, 'Colovrex', 'Bellevue GE, Colovrex'),
(759, 'Mais. Parlements', 'Genève, Maison des Parlements'),
(760, 'La Côte', 'Viry, La Côte'),
(761, 'Piscine de Lancy', 'Grand-Lancy, Piscine de Lancy'),
(762, 'Val-d\'Arve', 'Carouge GE, Val-d\'Arve'),
(763, 'Motta', 'Genève, Motta'),
(764, 'Bois-Gourmand', 'Vessy, village'),
(765, 'Quidort', 'Petit-Lancy, Quidort'),
(766, 'Vernier-Village', 'Vernier, village'),
(767, 'St-Antoine', 'Genève, Saint-Antoine'),
(768, 'Puplinge-Marquis', 'Puplinge, Marquis'),
(769, 'Palexpo-Halle 7', 'Grand-Saconnex,Palexpo-Halle 7'),
(770, 'Malagnou', 'Chêne-Bougeries, Malagnou'),
(771, 'Prés-Palais', 'Corsier GE, Prés-Palais'),
(772, 'Hôpital Trois-Chêne', 'Thônex, Hôpital Trois-Chêne'),
(773, 'Gd-Saconnex-Pl.', 'Grand-Saconnex, place'),
(774, 'Hutins', 'St-Julien-en-Genevois, Hutins'),
(775, 'Les Ouches', 'Genève, Les Ouches'),
(776, 'Meinier-Tour', 'Meinier, La Tour'),
(777, 'Communauté-Comm.', 'Archamps, Communauté-Commun'),
(778, '31 Décembre', 'Genève, 31 Décembre'),
(779, 'Place de Neuve', 'Genève, Place de Neuve'),
(780, 'Les Maladières', 'Satigny, Les Maladières'),
(781, 'Val-Thoiry', 'Thoiry, Val-Thoiry'),
(782, 'Bardonnex', 'Bardonnex, village'),
(783, 'Conches', 'Chêne-Bougeries, Conches'),
(784, 'Baumgartner', 'Carouge GE, Baumgartner'),
(785, 'Genève (CFF)', 'Genève'),
(786, 'Vernier (CFF)', 'Vernier'),
(787, 'Meyrin (CFF)', 'Meyrin'),
(788, 'Russin (CFF)', 'Russin'),
(789, 'Satigny (CFF)', 'Satigny'),
(790, 'Zimeysa (CFF)', 'Zimeysa'),
(791, 'Lancy-Pont-Rouge (CFF)', 'Lancy-Pont-Rouge'),
(792, 'Versoix (CFF)', 'Versoix'),
(793, 'La Plaine (CFF)', 'La Plaine');

--
-- Index pour les tables exportées
--

--
-- Index pour la table `tpg-sbb`
--
ALTER TABLE `tpg-sbb`
  ADD PRIMARY KEY (`id`),
  ADD KEY `sbb` (`sbb`),
  ADD KEY `tpg` (`tpg`);

--
-- AUTO_INCREMENT pour les tables exportées
--

--
-- AUTO_INCREMENT pour la table `tpg-sbb`
--
ALTER TABLE `tpg-sbb`
  MODIFY `id` int(11) NOT NULL AUTO_INCREMENT, AUTO_INCREMENT=794;
/*!40101 SET CHARACTER_SET_CLIENT=@OLD_CHARACTER_SET_CLIENT */;
/*!40101 SET CHARACTER_SET_RESULTS=@OLD_CHARACTER_SET_RESULTS */;
/*!40101 SET COLLATION_CONNECTION=@OLD_COLLATION_CONNECTION */;
